{
    "final_training_cost": 0.4683136182616083,
    "final_validation_cost": 0.4549436981187147,
    "final_testing_cost": 0.3642622057129355
}