{
    "final_training_cost": 0.4332958943337845,
    "final_validation_cost": 0.4197399432168287,
    "final_testing_cost": 0.3620667764369179
}