{
    "final_training_cost": 0.4500411512236372,
    "final_validation_cost": 0.42214413600809436,
    "final_testing_cost": 0.37178345901124615
}