{
    "final_training_cost": 0.40704588594732527,
    "final_validation_cost": 0.40450037139303546,
    "final_testing_cost": 0.34199588877313275
}
