{
    "final_training_cost": 0.43758825260958223,
    "final_validation_cost": 0.41508721867028403,
    "final_testing_cost": 0.3605983520255369
}